_Z11processDataPii,0x5632c37ac320,read,test.cpp,5
_Z11processDataPii,0x5632c37ac320,write,test.cpp,5
main,0x5632c37b09c0,read,test.cpp,5
main,0x5632c37b09c0,write,test.cpp,5
main,0x5632c37b29d0,write,test.cpp,12
_Z7computePii,0x562d286f5320,read,test.cpp,6
_Z7computePii,0x562d286f5320,write,test.cpp,6
main,0x562d286fb090,read,test.cpp,6
main,0x562d286fb090,write,test.cpp,6
main,0x562d286fc550,read,test.cpp,23
main,0x562d286fe340,write,test.cpp,17
main,0x562d286ff240,write,test.cpp,18
main,0x562d286fc550,write,test.cpp,24
